dataset,backend,vector,index,serial,parallel,absDiff,relDiff
"/home/th/workspace/myhaseonpu/example/c_example/input/cylindrical","Host_Cpu_CpuSerial","dndtAse",0,-0.34389443151167687,-0.57684979914235435,0.23295536763067748,0.67740372127185067
"/home/th/workspace/myhaseonpu/example/c_example/input/cylindrical","Host_Cpu_CpuSerial","dndtAse",1,-0.3481730466263892,-0.57972974327719773,0.23155669665080852,0.6650620974095186
"/home/th/workspace/myhaseonpu/example/c_example/input/cylindrical","Host_Cpu_CpuSerial","dndtAse",2,-0.3469691799613821,-0.5818912108339761,0.234922030872594,0.67706887078195521
"/home/th/workspace/myhaseonpu/example/c_example/input/cylindrical","Host_Cpu_CpuSerial","dndtAse",3,-0.34572087718668137,-0.58107525039216379,0.23535437320548241,0.68076413296381988
"/home/th/workspace/myhaseonpu/example/c_example/input/cylindrical","Host_Cpu_CpuSerial","dndtAse",4,-0.3431307689936029,-0.57848755577989608,0.23535678678629318,0.68590988641616402
"/home/th/workspace/myhaseonpu/example/c_example/input/cylindrical","Host_Cpu_CpuSerial","dndtAse",5,-3.9020425743304981,-4.4361231602750193,0.53408058594452124,0.1368720550252216
"/home/th/workspace/myhaseonpu/example/c_example/input/cylindrical","Host_Cpu_CpuSerial","dndtAse",6,-3.8995983341383926,-4.4315172008578223,0.53191886671942967,0.13640350137162419
"/home/th/workspace/myhaseonpu/example/c_example/input/cylindrical","Host_Cpu_CpuSerial","dndtAse",7,-3.882131337828111,-4.4272818039503052,0.5451504661221942,0.14042555974604995
"/home/th/workspace/myhaseonpu/example/c_example/input/cylindrical","Host_Cpu_CpuSerial","dndtAse",8,-3.9386553257008017,-4.4406675023019098,0.50201217660110808,0.12745775781022053
"/home/th/workspace/myhaseonpu/example/c_example/input/cylindrical","Host_Cpu_CpuSerial","dndtAse",9,-3.94519161858282,-4.4387794763525221,0.49358785776970215,0.12511125072982066
"/home/th/workspace/myhaseonpu/example/c_example/input/cylindrical","Host_Cpu_CpuSerial","dndtAse",10,-4.0017024463556359,-4.4540000362035492,0.45229758984791335,0.1130262921621827
"/home/th/workspace/myhaseonpu/example/c_example/input/cylindrical","Host_Cpu_CpuSerial","dndtAse",11,-3.9474215493092402,-4.4346339954810894,0.48721244617184922,0.12342549182696401
"/home/th/workspace/myhaseonpu/example/c_example/input/cylindrical","Host_Cpu_CpuSerial","dndtAse",12,-3.8855350798775379,-4.4416322815226126,0.5560972016450747,0.14311985098912078
"/home/th/workspace/myhaseonpu/example/c_example/input/cylindrical","Host_Cpu_CpuSerial","dndtAse",13,-3.9200378253124764,-4.4566217386292699,0.53658391331679356,0.13688233053568075
"/home/th/workspace/myhaseonpu/example/c_example/input/cylindrical","Host_Cpu_CpuSerial","dndtAse",14,-3.9391698239976982,-4.4823407724209323,0.5431709484232341,0.13788970079791907
"/home/th/workspace/myhaseonpu/example/c_example/input/cylindrical","Host_Cpu_CpuSerial","dndtAse",15,-3.9355405262721419,-4.4931963819157383,0.55765585564359643,0.14169739885052696
"/home/th/workspace/myhaseonpu/example/c_example/input/cylindrical","Host_Cpu_CpuSerial","dndtAse",16,-3.9496525478421729,-4.4736983081090456,0.52404576026687266,0.13268148373030342
"/home/th/workspace/myhaseonpu/example/c_example/input/cylindrical","Host_Cpu_CpuSerial","dndtAse",17,-3.8984299892466368,-4.4594477548248257,0.56101776557818894,0.14390864197271488
"/home/th/workspace/myhaseonpu/example/c_example/input/cylindrical","Host_Cpu_CpuSerial","dndtAse",18,-3.9807585166061692,-4.4789179940641155,0.49815947745794631,0.12514184806232773
"/home/th/workspace/myhaseonpu/example/c_example/input/cylindrical","Host_Cpu_CpuSerial","dndtAse",19,-4.0850590814319476,-4.5055479827267355,0.42048890129478789,0.10293337083080636
"/home/th/workspace/myhaseonpu/example/c_example/input/cylindrical","Host_Cpu_CpuSerial","dndtAse",20,-4.0026907233546325,-4.51121865354233,0.50852793018769749,0.12704652078677292
"/home/th/workspace/myhaseonpu/example/c_example/input/cylindrical","Host_Cpu_CpuSerial","dndtAse",21,-4.0150762218480684,-4.5028917442263889,0.48781552237832049,0.12149595559951479
"/home/th/workspace/myhaseonpu/example/c_example/input/cylindrical","Host_Cpu_CpuSerial","dndtAse",22,-3.9543211229790796,-4.4777736433341033,0.52345252035502376,0.13237481329302581
"/home/th/workspace/myhaseonpu/example/c_example/input/cylindrical","Host_Cpu_CpuSerial","dndtAse",23,-4.021654419455003,-4.5915069153198305,0.56985249586482745,0.14169603760783886
"/home/th/workspace/myhaseonpu/example/c_example/input/cylindrical","Host_Cpu_CpuSerial","dndtAse",24,-4.0395280579573898,-4.5443443315910645,0.50481627363367476,0.12496912173669564
"/home/th/workspace/myhaseonpu/example/c_example/input/cylindrical","Host_Cpu_CpuSerial","dndtAse",25,-3.9841084327839189,-4.5441818626696335,0.56007342988571462,0.14057685410292914
"/home/th/workspace/myhaseonpu/example/c_example/input/cylindrical","Host_Cpu_CpuSerial","dndtAse",26,-3.9644220276312176,-4.5880960819174206,0.62367405428620293,0.15731777543846776
"/home/th/workspace/myhaseonpu/example/c_example/input/cylindrical","Host_Cpu_CpuSerial","dndtAse",27,-4.0467216671435509,-4.6225229402137256,0.5758012730701747,0.1422883312547201
"/home/th/workspace/myhaseonpu/example/c_example/input/cylindrical","Host_Cpu_CpuSerial","dndtAse",28,-4.0060215072696534,-4.5737130037641442,0.5676914964944908,0.14170954785547493
"/home/th/workspace/myhaseonpu/example/c_example/input/cylindrical","Host_Cpu_CpuSerial","dndtAse",29,-3.9923901366735421,-4.5592907412015578,0.56690060452801561,0.14199529232390024
"/home/th/workspace/myhaseonpu/example/c_example/input/cylindrical","Host_Cpu_CpuSerial","dndtAse",30,-4.0251807012711689,-4.5375061159765711,0.51232541470540216,0.12728010311278887
"/home/th/workspace/myhaseonpu/example/c_example/input/cylindrical","Host_Cpu_CpuSerial","dndtAse",31,-3.955211240451741,-4.5004042623727178,0.54519302192097685,0.13784169511479952
"/home/th/workspace/myhaseonpu/example/c_example/input/cylindrical","Host_Cpu_CpuSerial","dndtAse",32,-3.9639289920840923,-4.559695759009351,0.59576676692525865,0.15029703309897732
"/home/th/workspace/myhaseonpu/example/c_example/input/cylindrical","Host_Cpu_CpuSerial","dndtAse",33,-3.9844175735896892,-4.5130107397172008,0.52859316612751162,0.13266510258142575
"/home/th/workspace/myhaseonpu/example/c_example/input/cylindrical","Host_Cpu_CpuSerial","dndtAse",34,-3.967675135555969,-4.5211123776807991,0.55343724212483014,0.13948653133550459
"/home/th/workspace/myhaseonpu/example/c_example/input/cylindrical","Host_Cpu_CpuSerial","dndtAse",35,-4.0411188846791584,-4.5910607304891773,0.54994184581001893,0.13608652987047204
"/home/th/workspace/myhaseonpu/example/c_example/input/cylindrical","Host_Cpu_CpuSerial","dndtAse",36,-4.0447729129953665,-4.5248138491813306,0.48004093618596411,0.11868180155272762
"/home/th/workspace/myhaseonpu/example/c_example/input/cylindrical","Host_Cpu_CpuSerial","dndtAse",37,-3.9880526542804309,-4.5173561683214718,0.52930351404104092,0.13272229830589932
"/home/th/workspace/myhaseonpu/example/c_example/input/cylindrical","Host_Cpu_CpuSerial","dndtAse",38,-3.9852787632837803,-4.6109059989111749,0.62562723562739464,0.15698456062629151
"/home/th/workspace/myhaseonpu/example/c_example/input/cylindrical","Host_Cpu_CpuSerial","dndtAse",39,-3.9498015977668293,-4.4838585472197803,0.53405694945295101,0.13521108243890034
"/home/th/workspace/myhaseonpu/example/c_example/input/cylindrical","Host_Cpu_CpuSerial","dndtAse",40,-3.9560433506632382,-4.5158783664513162,0.55983501578807804,0.14151387286851158
"/home/th/workspace/myhaseonpu/example/c_example/input/cylindrical","Host_Cpu_CpuSerial","dndtAse",41,-3.9500891830879228,-4.511033225734252,0.56094404264632924,0.14200794378212486
"/home/th/workspace/myhaseonpu/example/c_example/input/cylindrical","Host_Cpu_CpuSerial","dndtAse",42,-3.9788803109149722,-4.5405828774068473,0.56170256649187511,0.14117101360174053
"/home/th/workspace/myhaseonpu/example/c_example/input/cylindrical","Host_Cpu_CpuSerial","dndtAse",43,-3.9702747870382198,-4.5793420528114046,0.60906726577318482,0.15340682910956452
"/home/th/workspace/myhaseonpu/example/c_example/input/cylindrical","Host_Cpu_CpuSerial","dndtAse",44,-3.9329099699565848,-4.4555257915068296,0.52261582155024477,0.13288273200823203
"/home/th/workspace/myhaseonpu/example/c_example/input/cylindrical","Host_Cpu_CpuSerial","dndtAse",45,-3.935328245137641,-4.5188133768585779,0.58348513172093686,0.14826847860578629
"/home/th/workspace/myhaseonpu/example/c_example/input/cylindrical","Host_Cpu_CpuSerial","dndtAse",46,-3.9350057844607043,-4.4546313638436335,0.51962557938292919,0.13205204969073364
"/home/th/workspace/myhaseonpu/example/c_example/input/cylindrical","Host_Cpu_CpuSerial","dndtAse",47,-3.9668968794256632,-4.4665640554724098,0.4996671760467466,0.12595920469681823
"/home/th/workspace/myhaseonpu/example/c_example/input/cylindrical","Host_Cpu_CpuSerial","dndtAse",48,-3.9459126975013938,-4.4644678024073787,0.51855510490598489,0.13141575717940773
"/home/th/workspace/myhaseonpu/example/c_example/input/cylindrical","Host_Cpu_CpuSerial","dndtAse",49,-3.945759080513509,-4.4338031192155869,0.48804403870207791,0.12368825078863226
"/home/th/workspace/myhaseonpu/example/c_example/input/cylindrical","Host_Cpu_CpuSerial","dndtAse",50,-3.9090858667948072,-4.4725858264410245,0.56349995964621735,0.14415133840696373
"/home/th/workspace/myhaseonpu/example/c_example/input/cylindrical","Host_Cpu_CpuSerial","dndtAse",51,-3.8954876812787149,-4.4570990940286439,0.56161141274992898,0.14416973141744785
"/home/th/workspace/myhaseonpu/example/c_example/input/cylindrical","Host_Cpu_CpuSerial","dndtAse",52,-3.892926380950255,-4.3912259855533531,0.49829960460309808,0.12800129153263468
"/home/th/workspace/myhaseonpu/example/c_example/input/cylindrical","Host_Cpu_CpuSerial","dndtAse",53,-3.9429881846767976,-4.4459652354099983,0.50297705073320076,0.12756240373427069
"/home/th/workspace/myhaseonpu/example/c_example/input/cylindrical","Host_Cpu_CpuSerial","dndtAse",54,-3.9050937187415218,-4.4207747778939739,0.5156810591524521,0.13205344001798719
"/home/th/workspace/myhaseonpu/example/c_example/input/cylindrical","Host_Cpu_CpuSerial","dndtAse",55,-3.9290227745900395,-4.4467055417424755,0.517682767152436,0.13175865777628429
"/home/th/workspace/myhaseonpu/example/c_example/input/cylindrical","Host_Cpu_CpuSerial","dndtAse",56,-0.34840329363926464,-0.58292793491561223,0.23452464127634759,0.67314128642874849
"/home/th/workspace/myhaseonpu/example/c_example/input/cylindrical","Host_Cpu_CpuSerial","dndtAse",57,-0.34648824384011329,-0.58165327923928434,0.23516503539917105,0.67870999833312606
"/home/th/workspace/myhaseonpu/example/c_example/input/cylindrical","Host_Cpu_CpuSerial","dndtAse",58,-0.34708932933306774,-0.58282958271177188,0.23574025337870413,0.67919187787097668
"/home/th/workspace/myhaseonpu/example/c_example/input/cylindrical","Host_Cpu_CpuSerial","dndtAse",59,-0.34590557416306567,-0.58196265296320915,0.23605707880014348,0.68243213302154604
"/home/th/workspace/myhaseonpu/example/c_example/input/cylindrical","Host_Cpu_CpuSerial","dndtAse",60,-0.67660700292118459,-1.0599890174698259,0.38338201454864129,0.56662436672015948
"/home/th/workspace/myhaseonpu/example/c_example/input/cylindrical","Host_Cpu_CpuSerial","dndtAse",61,-0.73983653057244625,-1.1442798415823869,0.40444331100994069,0.54666577588025278
"/home/th/workspace/myhaseonpu/example/c_example/input/cylindrical","Host_Cpu_CpuSerial","dndtAse",62,-0.3466298794696776,-0.58213818460112332,0.23550830513144572,0.67942297845690314
"/home/th/workspace/myhaseonpu/example/c_example/input/cylindrical","Host_Cpu_CpuSerial","dndtAse",63,-0.6746268318059101,-1.0582160820159554,0.38358925021004531,0.56859471358886571
"/home/th/workspace/myhaseonpu/example/c_example/input/cylindrical","Host_Cpu_CpuSerial","dndtAse",64,-1.7199235382401641,-2.2719904299642515,0.55206689172408741,0.32098339225531242
"/home/th/workspace/myhaseonpu/example/c_example/input/cylindrical","Host_Cpu_CpuSerial","dndtAse",65,-0.74432719710148232,-1.1547472801134606,0.4104200830119783,0.55139740239267543
"/home/th/workspace/myhaseonpu/example/c_example/input/cylindrical","Host_Cpu_CpuSerial","dndtAse",66,-1.4714106489953667,-2.002636722680974,0.53122607368560737,0.36103182619230872
"/home/th/workspace/myhaseonpu/example/c_example/input/cylindrical","Host_Cpu_CpuSerial","dndtAse",67,-1.4084938709163994,-1.936405767472694,0.52791189655629456,0.37480595937050304
"/home/th/workspace/myhaseonpu/example/c_example/input/cylindrical","Host_Cpu_CpuSerial","dndtAse",68,-1.1196558873988518,-1.6182759446330095,0.4986200572341577,0.44533330538951177
"/home/th/workspace/myhaseonpu/example/c_example/input/cylindrical","Host_Cpu_CpuSerial","dndtAse",69,-2.7082022331474938,-3.2544748352546593,0.54627260210716555,0.20171041712504728
"/home/th/workspace/myhaseonpu/example/c_example/input/cylindrical","Host_Cpu_CpuSerial","dndtAse",70,-1.1467740533897499,-1.6468186147313013,0.5000445613415514,0.43604453716359337
"/home/th/workspace/myhaseonpu/example/c_example/input/cylindrical","Host_Cpu_CpuSerial","dndtAse",71,-2.5499196504704562,-3.1373587270071503,0.58743907653669414,0.23037552435360562
"/home/th/workspace/myhaseonpu/example/c_example/input/cylindrical","Host_Cpu_CpuSerial","dndtAse",72,-1.3593715504615353,-1.879870243885718,0.52049869342418265,0.38289656219998303
"/home/th/workspace/myhaseonpu/example/c_example/input/cylindrical","Host_Cpu_CpuSerial","dndtAse",73,-0.72504287684915314,-1.1270609727709227,0.40201809592176951,0.55447492659859665
"/home/th/workspace/myhaseonpu/example/c_example/input/cylindrical","Host_Cpu_CpuSerial","dndtAse",74,-0.34679199660006216,-0.58203591156645762,0.23524391496639546,0.67834297582619962
"/home/th/workspace/myhaseonpu/example/c_example/input/cylindrical","Host_Cpu_CpuSerial","dndtAse",75,-1.1662403374348977,-1.6699027196120493,0.50366238217715154,0.43186842883940907
"/home/th/workspace/myhaseonpu/example/c_example/input/cylindrical","Host_Cpu_CpuSerial","dndtAse",76,-1.8925826129709387,-2.4507083315200657,0.55812571854912707,0.2949016411352276
"/home/th/workspace/myhaseonpu/example/c_example/input/cylindrical","Host_Cpu_CpuSerial","dndtAse",77,-1.778784449422586,-2.330527721430673,0.55174327200808704,0.31017995023915873
"/home/th/workspace/myhaseonpu/example/c_example/input/cylindrical","Host_Cpu_CpuSerial","dndtAse",78,-2.7777147571171481,-3.3530422604984214,0.57532750338127325,0.20712260029837515
"/home/th/workspace/myhaseonpu/example/c_example/input/cylindrical","Host_Cpu_CpuSerial","dndtAse",79,-2.7533268545577383,-3.3358267491146938,0.5824998945569555,0.21156220286476715
"/home/th/workspace/myhaseonpu/example/c_example/input/cylindrical","Host_Cpu_CpuSerial","dndtAse",80,-2.8390842818441815,-3.4173175923078434,0.57823331046366189,0.20366894852732564
"/home/th/workspace/myhaseonpu/example/c_example/input/cylindrical","Host_Cpu_CpuSerial","dndtAse",81,-1.9032020802942513,-2.4628742557603216,0.55967217546607029,0.29406870729120904
"/home/th/workspace/myhaseonpu/example/c_example/input/cylindrical","Host_Cpu_CpuSerial","dndtAse",82,-2.5439118813678334,-3.1256587515232082,0.58174687015537474,0.22868200522833199
"/home/th/workspace/myhaseonpu/example/c_example/input/cylindrical","Host_Cpu_CpuSerial","dndtAse",83,-2.4953857395473893,-3.0577700597960882,0.56238432024869889,0.22536969388576519
"/home/th/workspace/myhaseonpu/example/c_example/input/cylindrical","Host_Cpu_CpuSerial","dndtAse",84,-2.6693347327612393,-3.2566091529874086,0.58727442022616927,0.22000778434358254
"/home/th/workspace/myhaseonpu/example/c_example/input/cylindrical","Host_Cpu_CpuSerial","dndtAse",85,-1.4094138504885252,-1.9439567009991248,0.53454285051059958,0.37926606888765746
"/home/th/workspace/myhaseonpu/example/c_example/input/cylindrical","Host_Cpu_CpuSerial","dndtAse",86,-0.85960769466558939,-1.3020754926696634,0.44246779800407399,0.51473224442948462
"/home/th/workspace/myhaseonpu/example/c_example/input/cylindrical","Host_Cpu_CpuSerial","dndtAse",87,-0.3473392837930801,-0.58146773497868631,0.23412845118560621,0.67406268772375078
"/home/th/workspace/myhaseonpu/example/c_example/input/cylindrical","Host_Cpu_CpuSerial","dndtAse",88,-0.34636797720048895,-0.58218208337625788,0.23581410617576892,0.68081959562697136
"/home/th/workspace/myhaseonpu/example/c_example/input/cylindrical","Host_Cpu_CpuSerial","dndtAse",89,-0.7078768999609476,-1.1027474544179443,0.3948705544569967,0.55782376071147544
"/home/th/workspace/myhaseonpu/example/c_example/input/cylindrical","Host_Cpu_CpuSerial","dndtAse",90,-1.4244625717223476,-1.9558079267513673,0.53134535502901969,0.37301461307372846
"/home/th/workspace/myhaseonpu/example/c_example/input/cylindrical","Host_Cpu_CpuSerial","dndtAse",91,-2.6769284420185793,-3.2492099290968417,0.57228148707826243,0.21378288567427103
"/home/th/workspace/myhaseonpu/example/c_example/input/cylindrical","Host_Cpu_CpuSerial","dndtAse",92,-2.766745737179499,-3.3218920024829131,0.55514626530341404,0.20064954211128425
"/home/th/workspace/myhaseonpu/example/c_example/input/cylindrical","Host_Cpu_CpuSerial","dndtAse",93,-5.0761940528896599,-5.5809400458488918,0.50474599295923195,0.099433943560904986
"/home/th/workspace/myhaseonpu/example/c_example/input/cylindrical","Host_Cpu_CpuSerial","dndtAse",94,-4.9759518835335177,-5.4475897186654949,0.47163783513197721,0.09478343966563002
"/home/th/workspace/myhaseonpu/example/c_example/input/cylindrical","Host_Cpu_CpuSerial","dndtAse",95,-5.1788599119656338,-5.7027130586823089,0.52385314671667516,0.10115221412078068
"/home/th/workspace/myhaseonpu/example/c_example/input/cylindrical","Host_Cpu_CpuSerial","dndtAse",96,-4.8845779510368876,-5.4400187261059507,0.55544077506906309,0.1137131561082274
"/home/th/workspace/myhaseonpu/example/c_example/input/cylindrical","Host_Cpu_CpuSerial","dndtAse",97,-5.2183428012881654,-5.6721876558692932,0.45384485458112778,0.086971069525960357
"/home/th/workspace/myhaseonpu/example/c_example/input/cylindrical","Host_Cpu_CpuSerial","dndtAse",98,-4.9152314493802471,-5.4612021984165215,0.54597074903627441,0.11107732253485539
"/home/th/workspace/myhaseonpu/example/c_example/input/cylindrical","Host_Cpu_CpuSerial","dndtAse",99,-5.0677436656100117,-5.5115913889169139,0.44384772330690225,0.087582907225335294
"/home/th/workspace/myhaseonpu/example/c_example/input/cylindrical","Host_Cpu_CpuSerial","dndtAse",100,-2.4743090172455462,-3.0275918205053363,0.55328280325979007,0.22361103621394726
"/home/th/workspace/myhaseonpu/example/c_example/input/cylindrical","Host_Cpu_CpuSerial","phiAse",0,0.0010917526669800282,0.0018313099863007665,0.00073955731932073832,0.67740372127185045
"/home/th/workspace/myhaseonpu/example/c_example/input/cylindrical","Host_Cpu_CpuSerial","phiAse",1,0.0011053355410695076,0.0018404523143544793,0.00073511677328497171,0.66506209740951849
"/home/th/workspace/myhaseonpu/example/c_example/input/cylindrical","Host_Cpu_CpuSerial","phiAse",2,0.0011015144409611821,0.0018473155796527863,0.00074580113869160414,0.6770688707819551
"/home/th/workspace/myhaseonpu/example/c_example/input/cylindrical","Host_Cpu_CpuSerial","phiAse",3,0.0010975506156682968,0.0018447237089276314,0.00074717309325933456,0.68076413296381966
"/home/th/workspace/myhaseonpu/example/c_example/input/cylindrical","Host_Cpu_CpuSerial","phiAse",4,0.0010892428690567613,0.0018363653216511011,0.00074712245259433985,0.68590988641616413
"/home/th/workspace/myhaseonpu/example/c_example/input/cylindrical","Host_Cpu_CpuSerial","phiAse",5,0.013310792855918407,0.015132668428122997,0.0018218755722045898,0.13687205502522154
"/home/th/workspace/myhaseonpu/example/c_example/input/cylindrical","Host_Cpu_CpuSerial","phiAse",6,0.013302481733262539,0.015116986818611622,0.0018145050853490829,0.13640350137162421
"/home/th/workspace/myhaseonpu/example/c_example/input/cylindrical","Host_Cpu_CpuSerial","phiAse",7,0.013242926448583603,0.015102571807801723,0.0018596453592181206,0.14042555974604987
"/home/th/workspace/myhaseonpu/example/c_example/input/cylindrical","Host_Cpu_CpuSerial","phiAse",8,0.013435737229883671,0.015148226171731949,0.001712488941848278,0.12745775781022067
"/home/th/workspace/myhaseonpu/example/c_example/input/cylindrical","Host_Cpu_CpuSerial","phiAse",9,0.01345804613083601,0.015141799114644527,0.0016837529838085175,0.12511125072982071
"/home/th/workspace/myhaseonpu/example/c_example/input/cylindrical","Host_Cpu_CpuSerial","phiAse",10,0.013650812208652496,0.015193712897598743,0.0015429006889462471,0.11302629216218267
"/home/th/workspace/myhaseonpu/example/c_example/input/cylindrical","Host_Cpu_CpuSerial","phiAse",11,0.013465659692883492,0.015127665363252163,0.0016620056703686714,0.12342549182696411
"/home/th/workspace/myhaseonpu/example/c_example/input/cylindrical","Host_Cpu_CpuSerial","phiAse",12,0.013254565186798573,0.015151556581258774,0.0018969913944602013,0.14311985098912092
"/home/th/workspace/myhaseonpu/example/c_example/input/cylindrical","Host_Cpu_CpuSerial","phiAse",13,0.013372252695262432,0.015202677808701992,0.0018304251134395599,0.13688233053568075
"/home/th/workspace/myhaseonpu/example/c_example/input/cylindrical","Host_Cpu_CpuSerial","phiAse",14,0.013437503017485142,0.0152903962880373,0.0018528932705521584,0.13788970079791887
"/home/th/workspace/myhaseonpu/example/c_example/input/cylindrical","Host_Cpu_CpuSerial","phiAse",15,0.013425133191049099,0.015327439643442631,0.0019023064523935318,0.14169739885052696
"/home/th/workspace/myhaseonpu/example/c_example/input/cylindrical","Host_Cpu_CpuSerial","phiAse",16,0.013473289087414742,0.015260945074260235,0.0017876559868454933,0.13268148373030339
"/home/th/workspace/myhaseonpu/example/c_example/input/cylindrical","Host_Cpu_CpuSerial","phiAse",17,0.013298545964062214,0.015212321653962135,0.0019137756898999214,0.14390864197271486
"/home/th/workspace/myhaseonpu/example/c_example/input/cylindrical","Host_Cpu_CpuSerial","phiAse",18,0.013579374179244041,0.015278722159564495,0.0016993479803204536,0.1251418480623277
"/home/th/workspace/myhaseonpu/example/c_example/input/cylindrical","Host_Cpu_CpuSerial","phiAse",19,0.013935180380940437,0.015369575470685959,0.0014343950897455215,0.1029333708308065
"/home/th/workspace/myhaseonpu/example/c_example/input/cylindrical","Host_Cpu_CpuSerial","phiAse",20,0.013654215261340141,0.015388935804367065,0.0017347205430269241,0.12704652078677306
"/home/th/workspace/myhaseonpu/example/c_example/input/cylindrical","Host_Cpu_CpuSerial","phiAse",21,0.013696501031517982,0.015360570512712002,0.0016640694811940193,0.12149595559951494
"/home/th/workspace/myhaseonpu/example/c_example/input/cylindrical","Host_Cpu_CpuSerial","phiAse",22,0.013489207252860069,0.015274838544428349,0.0017856312915682793,0.13237481329302567
"/home/th/workspace/myhaseonpu/example/c_example/input/cylindrical","Host_Cpu_CpuSerial","phiAse",23,0.013718890026211739,0.015662802383303642,0.0019439123570919037,0.14169603760783883
"/home/th/workspace/myhaseonpu/example/c_example/input/cylindrical","Host_Cpu_CpuSerial","phiAse",24,0.013779855333268642,0.015501911751925945,0.0017220564186573029,0.12496912173669558
"/home/th/workspace/myhaseonpu/example/c_example/input/cylindrical","Host_Cpu_CpuSerial","phiAse",25,0.013590803369879723,0.0155013557523489,0.0019105523824691772,0.14057685410292897
"/home/th/workspace/myhaseonpu/example/c_example/input/cylindrical","Host_Cpu_CpuSerial","phiAse",26,0.013523643836379051,0.015651153400540352,0.0021275095641613007,0.15731777543846795
"/home/th/workspace/myhaseonpu/example/c_example/input/cylindrical","Host_Cpu_CpuSerial","phiAse",27,0.013804418966174126,0.01576862670481205,0.0019642077386379242,0.14228833125472007
"/home/th/workspace/myhaseonpu/example/c_example/input/cylindrical","Host_Cpu_CpuSerial","phiAse",28,0.013665570877492428,0.015602112747728825,0.0019365418702363968,0.14170954785547485
"/home/th/workspace/myhaseonpu/example/c_example/input/cylindrical","Host_Cpu_CpuSerial","phiAse",29,0.013619056902825832,0.015552898868918419,0.0019338419660925865,0.14199529232390032
"/home/th/workspace/myhaseonpu/example/c_example/input/cylindrical","Host_Cpu_CpuSerial","phiAse",30,0.013730923645198345,0.015478597022593021,0.0017476733773946762,0.12728010311278887
"/home/th/workspace/myhaseonpu/example/c_example/input/cylindrical","Host_Cpu_CpuSerial","phiAse",31,0.013492241501808167,0.015352034941315651,0.0018597934395074844,0.13784169511479941
"/home/th/workspace/myhaseonpu/example/c_example/input/cylindrical","Host_Cpu_CpuSerial","phiAse",32,0.013521955348551273,0.01555426511913538,0.0020323097705841064,0.15029703309897749
"/home/th/workspace/myhaseonpu/example/c_example/input/cylindrical","Host_Cpu_CpuSerial","phiAse",33,0.013591963797807693,0.015395143069326878,0.0018031792715191841,0.13266510258142586
"/home/th/workspace/myhaseonpu/example/c_example/input/cylindrical","Host_Cpu_CpuSerial","phiAse",34,0.013534765690565109,0.015422683209180832,0.0018879175186157227,0.13948653133550459
"/home/th/workspace/myhaseonpu/example/c_example/input/cylindrical","Host_Cpu_CpuSerial","phiAse",35,0.013785273768007755,0.015661263838410378,0.0018759900704026222,0.13608652987047204
"/home/th/workspace/myhaseonpu/example/c_example/input/cylindrical","Host_Cpu_CpuSerial","phiAse",36,0.01379774883389473,0.015435290522873402,0.001637541688978672,0.11868180155272753
"/home/th/workspace/myhaseonpu/example/c_example/input/cylindrical","Host_Cpu_CpuSerial","phiAse",37,0.013604252599179745,0.015409840270876884,0.0018055876716971397,0.13272229830589929
"/home/th/workspace/myhaseonpu/example/c_example/input/cylindrical","Host_Cpu_CpuSerial","phiAse",38,0.013594784773886204,0.015728956088423729,0.0021341713145375252,0.15698456062629162
"/home/th/workspace/myhaseonpu/example/c_example/input/cylindrical","Host_Cpu_CpuSerial","phiAse",39,0.013473776169121265,0.01529558002948761,0.0018218038603663445,0.1352110824389002
"/home/th/workspace/myhaseonpu/example/c_example/input/cylindrical","Host_Cpu_CpuSerial","phiAse",40,0.013495074585080147,0.015404814854264259,0.0019097402691841125,0.1415138728685115
"/home/th/workspace/myhaseonpu/example/c_example/input/cylindrical","Host_Cpu_CpuSerial","phiAse",41,0.013474768958985806,0.015388293191790581,0.0019135242328047752,0.1420079437821247
"/home/th/workspace/myhaseonpu/example/c_example/input/cylindrical","Host_Cpu_CpuSerial","phiAse",42,0.013572974130511284,0.015489084646105766,0.0019161105155944824,0.14117101360174064
"/home/th/workspace/myhaseonpu/example/c_example/input/cylindrical","Host_Cpu_CpuSerial","phiAse",43,0.013543686829507351,0.015621380880475044,0.0020776940509676933,0.15340682910956449
"/home/th/workspace/myhaseonpu/example/c_example/input/cylindrical","Host_Cpu_CpuSerial","phiAse",44,0.013416158966720104,0.015198934823274612,0.0017827758565545082,0.13288273200823214
"/home/th/workspace/myhaseonpu/example/c_example/input/cylindrical","Host_Cpu_CpuSerial","phiAse",45,0.013424379751086235,0.015414792113006115,0.0019904123619198799,0.14826847860578626
"/home/th/workspace/myhaseonpu/example/c_example/input/cylindrical","Host_Cpu_CpuSerial","phiAse",46,0.013423291966319084,0.01519586518406868,0.0017725732177495956,0.13205204969073381
"/home/th/workspace/myhaseonpu/example/c_example/input/cylindrical","Host_Cpu_CpuSerial","phiAse",47,0.013532122597098351,0.015236617997288704,0.0017044954001903534,0.12595920469681843
"/home/th/workspace/myhaseonpu/example/c_example/input/cylindrical","Host_Cpu_CpuSerial","phiAse",48,0.013460504822432995,0.015229427255690098,0.001768922433257103,0.13141575717940787
"/home/th/workspace/myhaseonpu/example/c_example/input/cylindrical","Host_Cpu_CpuSerial","phiAse",49,0.013459988869726658,0.015124831348657608,0.0016648424789309502,0.1236882507886323
"/home/th/workspace/myhaseonpu/example/c_example/input/cylindrical","Host_Cpu_CpuSerial","phiAse",50,0.013334877789020538,0.01525711826980114,0.0019222404807806015,0.14415133840696354
"/home/th/workspace/myhaseonpu/example/c_example/input/cylindrical","Host_Cpu_CpuSerial","phiAse",51,0.013288506306707859,0.015204306691884995,0.0019158003851771355,0.14416973141744796
"/home/th/workspace/myhaseonpu/example/c_example/input/cylindrical","Host_Cpu_CpuSerial","phiAse",52,0.013279754668474197,0.014979580417275429,0.0016998257488012314,0.12800129153263462
"/home/th/workspace/myhaseonpu/example/c_example/input/cylindrical","Host_Cpu_CpuSerial","phiAse",53,0.013450575061142445,0.015166362747550011,0.0017157876864075661,0.12756240373427075
"/home/th/workspace/myhaseonpu/example/c_example/input/cylindrical","Host_Cpu_CpuSerial","phiAse",54,0.013321254402399063,0.015080371871590614,0.0017591174691915512,0.13205344001798711
"/home/th/workspace/myhaseonpu/example/c_example/input/cylindrical","Host_Cpu_CpuSerial","phiAse",55,0.013402925804257393,0.015168877318501472,0.0017659515142440796,0.13175865777628429
"/home/th/workspace/myhaseonpu/example/c_example/input/cylindrical","Host_Cpu_CpuSerial","phiAse",56,0.0011060674441978335,0.001850607106462121,0.00074453966226428747,0.67314128642874838
"/home/th/workspace/myhaseonpu/example/c_example/input/cylindrical","Host_Cpu_CpuSerial","phiAse",57,0.0010999880032613873,0.0018465608591213822,0.00074657285585999489,0.67870999833312606
"/home/th/workspace/myhaseonpu/example/c_example/input/cylindrical","Host_Cpu_CpuSerial","phiAse",58,0.0011018946534022689,0.0018502925522625446,0.00074839789886027575,0.67919187787097646
"/home/th/workspace/myhaseonpu/example/c_example/input/cylindrical","Host_Cpu_CpuSerial","phiAse",59,0.0010981385130435228,0.0018475435208529234,0.00074940500780940056,0.68243213302154637
"/home/th/workspace/myhaseonpu/example/c_example/input/cylindrical","Host_Cpu_CpuSerial","phiAse",60,0.002148136030882597,0.0033653222490102053,0.0012171862181276083,0.56662436672015937
"/home/th/workspace/myhaseonpu/example/c_example/input/cylindrical","Host_Cpu_CpuSerial","phiAse",61,0.0023489035665988922,0.003632968757301569,0.0012840651907026768,0.54666577588025289
"/home/th/workspace/myhaseonpu/example/c_example/input/cylindrical","Host_Cpu_CpuSerial","phiAse",62,0.0011004367843270302,0.0018480988219380379,0.00074766203761100769,0.67942297845690325
"/home/th/workspace/myhaseonpu/example/c_example/input/cylindrical","Host_Cpu_CpuSerial","phiAse",63,0.0021418489050120115,0.003359692869707942,0.0012178439646959305,0.56859471358886582
"/home/th/workspace/myhaseonpu/example/c_example/input/cylindrical","Host_Cpu_CpuSerial","phiAse",64,0.0054615102708339691,0.0072145643644034863,0.0017530540935695171,0.32098339225531236
"/home/th/workspace/myhaseonpu/example/c_example/input/cylindrical","Host_Cpu_CpuSerial","phiAse",65,0.0023631670046597719,0.0036662111524492502,0.0013030441477894783,0.55139740239267565
"/home/th/workspace/myhaseonpu/example/c_example/input/cylindrical","Host_Cpu_CpuSerial","phiAse",66,0.0046721817925572395,0.0063589881174266338,0.0016868063248693943,0.36103182619230861
"/home/th/workspace/myhaseonpu/example/c_example/input/cylindrical","Host_Cpu_CpuSerial","phiAse",67,0.0044723520986735821,0.0061486163176596165,0.0016762642189860344,0.37480595937050298
"/home/th/workspace/myhaseonpu/example/c_example/input/cylindrical","Host_Cpu_CpuSerial","phiAse",68,0.0035550282336771488,0.0051382007077336311,0.0015831724740564823,0.44533330538951177
"/home/th/workspace/myhaseonpu/example/c_example/input/cylindrical","Host_Cpu_CpuSerial","phiAse",69,0.0086011439561843872,0.010336084291338921,0.0017349403351545334,0.20171041712504742
"/home/th/workspace/myhaseonpu/example/c_example/input/cylindrical","Host_Cpu_CpuSerial","phiAse",70,0.0036411511246114969,0.0052288551814854145,0.0015877040568739176,0.43604453716359337
"/home/th/workspace/myhaseonpu/example/c_example/input/cylindrical","Host_Cpu_CpuSerial","phiAse",71,0.0080982856452465057,0.0099639324471354485,0.0018656468018889427,0.23037552435360581
"/home/th/workspace/myhaseonpu/example/c_example/input/cylindrical","Host_Cpu_CpuSerial","phiAse",72,0.0043163406662642956,0.0059690526686608791,0.0016527120023965836,0.38289656219998314
"/home/th/workspace/myhaseonpu/example/c_example/input/cylindrical","Host_Cpu_CpuSerial","phiAse",73,0.0023019341751933098,0.0035782989580184221,0.0012763647828251123,0.55447492659859698
"/home/th/workspace/myhaseonpu/example/c_example/input/cylindrical","Host_Cpu_CpuSerial","phiAse",74,0.0011009511072188616,0.0018477735575288534,0.00074682245030999184,0.67834297582619951
"/home/th/workspace/myhaseonpu/example/c_example/input/cylindrical","Host_Cpu_CpuSerial","phiAse",75,0.0037029744125902653,0.0053021721541881561,0.0015991977415978909,0.43186842883940885
"/home/th/workspace/myhaseonpu/example/c_example/input/cylindrical","Host_Cpu_CpuSerial","phiAse",76,0.0060099689289927483,0.0077823186293244362,0.0017723497003316879,0.29490164113522765
"/home/th/workspace/myhaseonpu/example/c_example/input/cylindrical","Host_Cpu_CpuSerial","phiAse",77,0.0056484807282686234,0.0074005261994898319,0.0017520454712212086,0.31017995023915873
"/home/th/workspace/myhaseonpu/example/c_example/input/cylindrical","Host_Cpu_CpuSerial","phiAse",78,0.0088220797479152679,0.010649331845343113,0.001827252097427845,0.20712260029837523
"/home/th/workspace/myhaseonpu/example/c_example/input/cylindrical","Host_Cpu_CpuSerial","phiAse",79,0.0087448060512542725,0.010594876483082771,0.0018500704318284988,0.21156220286476704
"/home/th/workspace/myhaseonpu/example/c_example/input/cylindrical","Host_Cpu_CpuSerial","phiAse",80,0.0090170754119753838,0.010853573679924011,0.0018364982679486275,0.20366894852732556
"/home/th/workspace/myhaseonpu/example/c_example/input/cylindrical","Host_Cpu_CpuSerial","phiAse",81,0.0060436963103711605,0.0078209582716226578,0.0017772619612514973,0.2940687072912091
"/home/th/workspace/myhaseonpu/example/c_example/input/cylindrical","Host_Cpu_CpuSerial","phiAse",82,0.00807926245033741,0.0099268443882465363,0.0018475819379091263,0.22868200522833204
"/home/th/workspace/myhaseonpu/example/c_example/input/cylindrical","Host_Cpu_CpuSerial","phiAse",83,0.007925000973045826,0.0097110560163855553,0.0017860550433397293,0.22536969388576522
"/home/th/workspace/myhaseonpu/example/c_example/input/cylindrical","Host_Cpu_CpuSerial","phiAse",84,0.0084777241572737694,0.010342889465391636,0.0018651653081178665,0.22000778434358242
"/home/th/workspace/myhaseonpu/example/c_example/input/cylindrical","Host_Cpu_CpuSerial","phiAse",85,0.0044752727262675762,0.00617259182035923,0.0016973190940916538,0.37926606888765763
"/home/th/workspace/myhaseonpu/example/c_example/input/cylindrical","Host_Cpu_CpuSerial","phiAse",86,0.0027292270679026842,0.0041340482421219349,0.0014048211742192507,0.51473224442948484
"/home/th/workspace/myhaseonpu/example/c_example/input/cylindrical","Host_Cpu_CpuSerial","phiAse",87,0.0011026894208043814,0.0018459712155163288,0.00074328179471194744,0.67406268772375089
"/home/th/workspace/myhaseonpu/example/c_example/input/cylindrical","Host_Cpu_CpuSerial","phiAse",88,0.0010996051132678986,0.0018482378218322992,0.00074863270856440067,0.68081959562697125
"/home/th/workspace/myhaseonpu/example/c_example/input/cylindrical","Host_Cpu_CpuSerial","phiAse",89,0.0022474245633929968,0.0035010913852602243,0.0012536668218672276,0.55782376071147555
"/home/th/workspace/myhaseonpu/example/c_example/input/cylindrical","Host_Cpu_CpuSerial","phiAse",90,0.0045230705291032791,0.0062102419324219227,0.0016871714033186436,0.37301461307372841
"/home/th/workspace/myhaseonpu/example/c_example/input/cylindrical","Host_Cpu_CpuSerial","phiAse",91,0.008501843549311161,0.010319392196834087,0.0018175486475229263,0.21378288567427101
"/home/th/workspace/myhaseonpu/example/c_example/input/cylindrical","Host_Cpu_CpuSerial","phiAse",92,0.0087872724980115891,0.010550434701144695,0.0017631622031331062,0.20064954211128425
"/home/th/workspace/myhaseonpu/example/c_example/input/cylindrical","Host_Cpu_CpuSerial","phiAse",93,0.019504491239786148,0.021443899720907211,0.0019394084811210632,0.099433943560905069
"/home/th/workspace/myhaseonpu/example/c_example/input/cylindrical","Host_Cpu_CpuSerial","phiAse",94,0.019097846001386642,0.02090800553560257,0.0018101595342159271,0.094783439665630159
"/home/th/workspace/myhaseonpu/example/c_example/input/cylindrical","Host_Cpu_CpuSerial","phiAse",95,0.019910918548703194,0.021924952045083046,0.0020140334963798523,0.10115221412078083
"/home/th/workspace/myhaseonpu/example/c_example/input/cylindrical","Host_Cpu_CpuSerial","phiAse",96,0.018747901543974876,0.020879784598946571,0.0021318830549716949,0.11371315610822752
"/home/th/workspace/myhaseonpu/example/c_example/input/cylindrical","Host_Cpu_CpuSerial","phiAse",97,0.020062735304236412,0.021807612851262093,0.0017448775470256805,0.086971069525960162
"/home/th/workspace/myhaseonpu/example/c_example/input/cylindrical","Host_Cpu_CpuSerial","phiAse",98,0.018865505233407021,0.020961035043001175,0.0020955298095941544,0.11107732253485542
"/home/th/workspace/myhaseonpu/example/c_example/input/cylindrical","Host_Cpu_CpuSerial","phiAse",99,0.01946648396551609,0.021171415224671364,0.0017049312591552734,0.087582907225335321
"/home/th/workspace/myhaseonpu/example/c_example/input/cylindrical","Host_Cpu_CpuSerial","phiAse",100,0.0078580295667052269,0.0096151717007160187,0.0017571421340107918,0.22361103621394737
"/home/th/workspace/myhaseonpu/example/c_example/input/cuboid","Host_Cpu_CpuSerial","dndtAse",0,-0.28934231401047111,-0.50289910346986966,0.21355678945939854,0.73807659342791476
"/home/th/workspace/myhaseonpu/example/c_example/input/cuboid","Host_Cpu_CpuSerial","dndtAse",1,-5.1185823761565326,-5.8561428514089666,0.73756047525243407,0.1440946772075313
"/home/th/workspace/myhaseonpu/example/c_example/input/cuboid","Host_Cpu_CpuSerial","dndtAse",2,-1.6626155728104055,-2.2610803066982923,0.59846473388788679,0.35995376422239972
"/home/th/workspace/myhaseonpu/example/c_example/input/cuboid","Host_Cpu_CpuSerial","dndtAse",3,-0.39642092187895583,-0.67234783940983922,0.27592691753088339,0.69604529504407842
"/home/th/workspace/myhaseonpu/example/c_example/input/cuboid","Host_Cpu_CpuSerial","dndtAse",4,-6.4488054532598875,-7.0600059178133989,0.6112004645535114,0.094777314804022822
"/home/th/workspace/myhaseonpu/example/c_example/input/cuboid","Host_Cpu_CpuSerial","dndtAse",5,-6.2804826149572763,-6.9168718126984468,0.63638919774117042,0.10132807249964811
"/home/th/workspace/myhaseonpu/example/c_example/input/cuboid","Host_Cpu_CpuSerial","dndtAse",6,-0.46030964936558261,-0.76606616565262831,0.3057565162870457,0.66424094456514593
"/home/th/workspace/myhaseonpu/example/c_example/input/cuboid","Host_Cpu_CpuSerial","dndtAse",7,-1.1879778143009032,-1.730466078825555,0.54248826452465182,0.45664848113674017
"/home/th/workspace/myhaseonpu/example/c_example/input/cuboid","Host_Cpu_CpuSerial","dndtAse",8,-3.306466897768769,-4.0026856341325345,0.69621873636376552,0.21056274201129296
"/home/th/workspace/myhaseonpu/example/c_example/input/cuboid","Host_Cpu_CpuSerial","dndtAse",9,-1.5785629344736953,-2.1755866684777607,0.59702373400406539,0.37820711545030516
"/home/th/workspace/myhaseonpu/example/c_example/input/cuboid","Host_Cpu_CpuSerial","dndtAse",10,-4.4782811931501154,-5.1323088787232649,0.6540276855731495,0.14604435437719643
"/home/th/workspace/myhaseonpu/example/c_example/input/cuboid","Host_Cpu_CpuSerial","dndtAse",11,-0.39614644859045006,-0.67706251021471164,0.28091606162426158,0.70912174682823514
"/home/th/workspace/myhaseonpu/example/c_example/input/cuboid","Host_Cpu_CpuSerial","dndtAse",12,-4.4537844026390649,-5.1196582784392213,0.66587387580015633,0.14950743358964491
"/home/th/workspace/myhaseonpu/example/c_example/input/cuboid","Host_Cpu_CpuSerial","dndtAse",13,-5.0616147405692828,-5.8029766250312749,0.74136188446199203,0.14646746590962603
"/home/th/workspace/myhaseonpu/example/c_example/input/cuboid","Host_Cpu_CpuSerial","dndtAse",14,-0.73210637955032187,-1.1629947320523015,0.43088835250197965,0.58855975652970283
"/home/th/workspace/myhaseonpu/example/c_example/input/cuboid","Host_Cpu_CpuSerial","dndtAse",15,-1.1325356503420387,-1.6772483636919955,0.54471271334995675,0.48096738781286685
"/home/th/workspace/myhaseonpu/example/c_example/input/cuboid","Host_Cpu_CpuSerial","dndtAse",16,-2.3360858261900139,-2.9631811580483407,0.62709533185832678,0.26843848150950589
"/home/th/workspace/myhaseonpu/example/c_example/input/cuboid","Host_Cpu_CpuSerial","dndtAse",17,-1.4373690235646164,-2.0264492233718392,0.58908019980722282,0.40983226307905818
"/home/th/workspace/myhaseonpu/example/c_example/input/cuboid","Host_Cpu_CpuSerial","dndtAse",18,-0.52162835534293861,-0.86554982598010133,0.34392147063716272,0.6593228054311876
"/home/th/workspace/myhaseonpu/example/c_example/input/cuboid","Host_Cpu_CpuSerial","dndtAse",19,-6.7687093590592626,-7.4810361605408717,0.7123268014816091,0.10523820180404535
"/home/th/workspace/myhaseonpu/example/c_example/input/cuboid","Host_Cpu_CpuSerial","dndtAse",20,-7.7768557699183063,-8.445379394639831,0.66852362472152471,0.085963227877704024
"/home/th/workspace/myhaseonpu/example/c_example/input/cuboid","Host_Cpu_CpuSerial","dndtAse",21,-7.7444570940756732,-8.3212466043151334,0.57678951023946023,0.074477720417702439
"/home/th/workspace/myhaseonpu/example/c_example/input/cuboid","Host_Cpu_CpuSerial","dndtAse",22,-6.7806775579259311,-7.4202519207173268,0.63957436279139568,0.094323075729179529
"/home/th/workspace/myhaseonpu/example/c_example/input/cuboid","Host_Cpu_CpuSerial","dndtAse",23,-5.1072309823221831,-5.8033700301711209,0.69613904784893776,0.13630459445803517
"/home/th/workspace/myhaseonpu/example/c_example/input/cuboid","Host_Cpu_CpuSerial","dndtAse",24,-5.4709833090756126,-6.1800550449988059,0.70907173592319328,0.1296059037041733
"/home/th/workspace/myhaseonpu/example/c_example/input/cuboid","Host_Cpu_CpuSerial","dndtAse",25,-0.60618196963511184,-0.98422024688268439,0.37803827724757255,0.62363827395778659
"/home/th/workspace/myhaseonpu/example/c_example/input/cuboid","Host_Cpu_CpuSerial","dndtAse",26,-0.95270923006896524,-1.4564654033440736,0.50375617327510835,0.52876172222939644
"/home/th/workspace/myhaseonpu/example/c_example/input/cuboid","Host_Cpu_CpuSerial","dndtAse",27,-2.335929387656194,-3.004793007878666,0.66886362022247203,0.28633725991760012
"/home/th/workspace/myhaseonpu/example/c_example/input/cuboid","Host_Cpu_CpuSerial","dndtAse",28,-1.3748890711143948,-1.9557308977349654,0.5808418266205706,0.42246450191780077
"/home/th/workspace/myhaseonpu/example/c_example/input/cuboid","Host_Cpu_CpuSerial","dndtAse",29,-2.9259150417703599,-3.6163591785822984,0.6904441368119385,0.23597545620947935
"/home/th/workspace/myhaseonpu/example/c_example/input/cuboid","Host_Cpu_CpuSerial","dndtAse",30,-0.52226099118782521,-0.86630559028746412,0.34404459909963891,0.65875990147597907
"/home/th/workspace/myhaseonpu/example/c_example/input/cuboid","Host_Cpu_CpuSerial","dndtAse",31,-7.1931050820506517,-7.748172069114144,0.55506698706349233,0.077166533886538283
"/home/th/workspace/myhaseonpu/example/c_example/input/cuboid","Host_Cpu_CpuSerial","dndtAse",32,-5.5397149784750264,-6.0945814312188897,0.55486645274386337,0.10016155251666162
"/home/th/workspace/myhaseonpu/example/c_example/input/cuboid","Host_Cpu_CpuSerial","dndtAse",33,-5.5136808107207527,-6.3028927728678612,0.78921196214710854,0.14313704206681166
"/home/th/workspace/myhaseonpu/example/c_example/input/cuboid","Host_Cpu_CpuSerial","dndtAse",34,-2.8406554687619168,-3.5342966758014533,0.69364120703953658,0.24418350435924427
"/home/th/workspace/myhaseonpu/example/c_example/input/cuboid","Host_Cpu_CpuSerial","dndtAse",35,-3.5295726507410197,-4.2932747780561948,0.76370212731517517,0.21637240620471121
"/home/th/workspace/myhaseonpu/example/c_example/input/cuboid","Host_Cpu_CpuSerial","dndtAse",36,-0.93939640479698905,-1.4424404697873492,0.50304406499036014,0.53549711540472833
"/home/th/workspace/myhaseonpu/example/c_example/input/cuboid","Host_Cpu_CpuSerial","dndtAse",37,-1.5394991414892856,-2.1681916986784482,0.62869255718916262,0.40837473711156214
"/home/th/workspace/myhaseonpu/example/c_example/input/cuboid","Host_Cpu_CpuSerial","dndtAse",38,-0.64863907213991479,-1.0552926542631009,0.40665358212318614,0.62693352835129379
"/home/th/workspace/myhaseonpu/example/c_example/input/cuboid","Host_Cpu_CpuSerial","dndtAse",39,-8.2682921028445993,-9.1093847801249623,0.84109267728036308,0.10172508020017773
"/home/th/workspace/myhaseonpu/example/c_example/input/cuboid","Host_Cpu_CpuSerial","dndtAse",40,-8.5502042702517009,-9.2102013431723719,0.659997072920671,0.077190795922498112
"/home/th/workspace/myhaseonpu/example/c_example/input/cuboid","Host_Cpu_CpuSerial","dndtAse",41,-8.1239679151167969,-8.8293810855127308,0.70541317039593388,0.086831112304533553
"/home/th/workspace/myhaseonpu/example/c_example/input/cuboid","Host_Cpu_CpuSerial","dndtAse",42,-7.075250659335703,-7.8306559283320887,0.75540526899638571,0.10676728011037151
"/home/th/workspace/myhaseonpu/example/c_example/input/cuboid","Host_Cpu_CpuSerial","dndtAse",43,-5.6223354250955753,-6.5278853806980681,0.90554995560249285,0.16106295465057552
"/home/th/workspace/myhaseonpu/example/c_example/input/cuboid","Host_Cpu_CpuSerial","dndtAse",44,-3.3114230293315745,-4.0570890480204502,0.74566601868887572,0.22517993384837687
"/home/th/workspace/myhaseonpu/example/c_example/input/cuboid","Host_Cpu_CpuSerial","dndtAse",45,-3.8163363198368696,-4.5533626404873067,0.73702632065043705,0.19312404853300283
"/home/th/workspace/myhaseonpu/example/c_example/input/cuboid","Host_Cpu_CpuSerial","dndtAse",46,-0.94145055959279089,-1.4472789918344524,0.50582843224166152,0.53728624099012634
"/home/th/workspace/myhaseonpu/example/c_example/input/cuboid","Host_Cpu_CpuSerial","dndtAse",47,-1.6245418146365078,-2.2589162203941795,0.63437440575767168,0.39049435357231066
"/home/th/workspace/myhaseonpu/example/c_example/input/cuboid","Host_Cpu_CpuSerial","dndtAse",48,-2.1035342341934169,-2.7917433031726095,0.68820906897919265,0.32716799079957964
"/home/th/workspace/myhaseonpu/example/c_example/input/cuboid","Host_Cpu_CpuSerial","dndtAse",49,-0.64879662589578335,-1.0555763321390388,0.40677970624325543,0.62697568083314403
"/home/th/workspace/myhaseonpu/example/c_example/input/cuboid","Host_Cpu_CpuSerial","dndtAse",50,-8.6769512076703599,-9.1106728345986774,0.43372162692831751,0.049985486439627649
"/home/th/workspace/myhaseonpu/example/c_example/input/cuboid","Host_Cpu_CpuSerial","dndtAse",51,-7.3765660888501614,-7.9365616891323967,0.55999560028223527,0.075915486086226586
"/home/th/workspace/myhaseonpu/example/c_example/input/cuboid","Host_Cpu_CpuSerial","dndtAse",52,-5.586469914252933,-6.2865354442302506,0.70006552997731752,0.12531447241686897
"/home/th/workspace/myhaseonpu/example/c_example/input/cuboid","Host_Cpu_CpuSerial","dndtAse",53,-3.5204601039166468,-4.3128166805936647,0.79235657667701798,0.22507188074521592
"/home/th/workspace/myhaseonpu/example/c_example/input/cuboid","Host_Cpu_CpuSerial","dndtAse",54,-4.0198486051520304,-4.7958123176017136,0.77596371244968321,0.19303306882134091
"/home/th/workspace/myhaseonpu/example/c_example/input/cuboid","Host_Cpu_CpuSerial","dndtAse",55,-1.9854244676091861,-2.6895027952184991,0.70407832760931299,0.35462357752503776
"/home/th/workspace/myhaseonpu/example/c_example/input/cuboid","Host_Cpu_CpuSerial","dndtAse",56,-1.0571444238632557,-1.6127694149632468,0.55562499109999108,0.52559042885502893
"/home/th/workspace/myhaseonpu/example/c_example/input/cuboid","Host_Cpu_CpuSerial","dndtAse",57,-0.73862257814530596,-1.194240410795711,0.45561783265040501,0.61684796285874344
"/home/th/workspace/myhaseonpu/example/c_example/input/cuboid","Host_Cpu_CpuSerial","dndtAse",58,-3.5795758512396527,-4.3361474621192935,0.75657161087964075,0.21135789331510613
"/home/th/workspace/myhaseonpu/example/c_example/input/cuboid","Host_Cpu_CpuSerial","dndtAse",59,-8.9280827505906064,-9.8403428712462979,0.91226012065569151,0.10217872595270738
"/home/th/workspace/myhaseonpu/example/c_example/input/cuboid","Host_Cpu_CpuSerial","dndtAse",60,-9.1301120481468878,-9.8953192120603557,0.76520716391346788,0.083811366156100978
"/home/th/workspace/myhaseonpu/example/c_example/input/cuboid","Host_Cpu_CpuSerial","dndtAse",61,-8.89730377877944,-9.6119435749000797,0.71463979612063966,0.080320939229375873
"/home/th/workspace/myhaseonpu/example/c_example/input/cuboid","Host_Cpu_CpuSerial","dndtAse",62,-8.4886171091293754,-9.1586144741271642,0.66999736499778884,0.078928918148188962
"/home/th/workspace/myhaseonpu/example/c_example/input/cuboid","Host_Cpu_CpuSerial","dndtAse",63,-7.5707485889224175,-7.9898105031061322,0.41906191418371463,0.05535277116412101
"/home/th/workspace/myhaseonpu/example/c_example/input/cuboid","Host_Cpu_CpuSerial","dndtAse",64,-5.6445902409166182,-6.3999779530591958,0.75538771214257761,0.13382507496592191
"/home/th/workspace/myhaseonpu/example/c_example/input/cuboid","Host_Cpu_CpuSerial","dndtAse",65,-3.380173167231078,-4.1427022199627501,0.76252905273167215,0.22558875389106464
"/home/th/workspace/myhaseonpu/example/c_example/input/cuboid","Host_Cpu_CpuSerial","dndtAse",66,-2.1270795483170248,-2.8598472966998538,0.73276774838282899,0.34449475524439371
"/home/th/workspace/myhaseonpu/example/c_example/input/cuboid","Host_Cpu_CpuSerial","dndtAse",67,-1.2080156601432992,-1.8078199666623278,0.59980430651902861,0.4965203070694279
"/home/th/workspace/myhaseonpu/example/c_example/input/cuboid","Host_Cpu_CpuSerial","dndtAse",68,-3.5584175665722171,-4.3315174208280336,0.77309985425581651,0.21725945305529018
"/home/th/workspace/myhaseonpu/example/c_example/input/cuboid","Host_Cpu_CpuSerial","dndtAse",69,-0.74258267600101413,-1.1942725495257749,0.45168987352476075,0.60826880039434683
"/home/th/workspace/myhaseonpu/example/c_example/input/cuboid","Host_Cpu_CpuSerial","dndtAse",70,-9.0977242166301906,-9.7870983010068588,0.68937408437666825,0.075774343996548768
"/home/th/workspace/myhaseonpu/example/c_example/input/cuboid","Host_Cpu_CpuSerial","dndtAse",71,-8.4643769018290449,-9.2574732089862994,0.79309630715725454,0.093698132344021259
"/home/th/workspace/myhaseonpu/example/c_example/input/cuboid","Host_Cpu_CpuSerial","dndtAse",72,-7.2427714232104261,-7.8842023765234899,0.64143095331306377,0.088561534781770521
"/home/th/workspace/myhaseonpu/example/c_example/input/cuboid","Host_Cpu_CpuSerial","dndtAse",73,-5.6483552303974074,-6.2685795075822108,0.62022427718480344,0.10980617398972721
"/home/th/workspace/myhaseonpu/example/c_example/input/cuboid","Host_Cpu_CpuSerial","dndtAse",74,-2.2313124009397614,-2.9972666186643639,0.76595421772460259,0.34327520315039967
"/home/th/workspace/myhaseonpu/example/c_example/input/cuboid","Host_Cpu_CpuSerial","dndtAse",75,-1.2286520036535422,-1.8484470220298812,0.61979501837633899,0.50445123316716622
"/home/th/workspace/myhaseonpu/example/c_example/input/cuboid","Host_Cpu_CpuSerial","dndtAse",76,-2.3169258147999843,-3.0782986851077387,0.76137287030775447,0.32861340032739994
"/home/th/workspace/myhaseonpu/example/c_example/input/cuboid","Host_Cpu_CpuSerial","dndtAse",77,-0.76958550135943671,-1.23762656769554,0.46804106633610332,0.60817292621720487
"/home/th/workspace/myhaseonpu/example/c_example/input/cuboid","Host_Cpu_CpuSerial","dndtAse",78,-3.0835477671302298,-3.8161285595052523,0.73258079237502249,0.23757724792984627
"/home/th/workspace/myhaseonpu/example/c_example/input/cuboid","Host_Cpu_CpuSerial","dndtAse",79,-9.3803812985992234,-10.145810812353471,0.76542951375424728,0.081598976564902448
"/home/th/workspace/myhaseonpu/example/c_example/input/cuboid","Host_Cpu_CpuSerial","dndtAse",80,-9.4929256082676599,-10.114452973312815,0.62152736504515538,0.065472688894122319
"/home/th/workspace/myhaseonpu/example/c_example/input/cuboid","Host_Cpu_CpuSerial","dndtAse",81,-9.1651028645325372,-9.7508783590902368,0.58577549455769962,0.063913684681549607
"/home/th/workspace/myhaseonpu/example/c_example/input/cuboid","Host_Cpu_CpuSerial","dndtAse",82,-8.7118315945032467,-9.1315665766415144,0.41973498213826765,0.048179877857499054
"/home/th/workspace/myhaseonpu/example/c_example/input/cuboid","Host_Cpu_CpuSerial","dndtAse",83,-7.3386725552489622,-7.9741713667793928,0.63549881153043053,0.086595880487390323
"/home/th/workspace/myhaseonpu/example/c_example/input/cuboid","Host_Cpu_CpuSerial","dndtAse",84,-5.5762574211864999,-6.2860676154559112,0.70981019426941128,0.12729150407808468
"/home/th/workspace/myhaseonpu/example/c_example/input/cuboid","Host_Cpu_CpuSerial","dndtAse",85,-2.0536239124651008,-2.797734790426194,0.74411087796109321,0.36234038445135147
"/home/th/workspace/myhaseonpu/example/c_example/input/cuboid","Host_Cpu_CpuSerial","dndtAse",86,-1.1798633048649061,-1.7958228432043613,0.61595953833945516,0.52206008594358499
"/home/th/workspace/myhaseonpu/example/c_example/input/cuboid","Host_Cpu_CpuSerial","dndtAse",87,-3.4657595647969321,-4.2092419041344753,0.74348233933754315,0.21452219215937032
"/home/th/workspace/myhaseonpu/example/c_example/input/cuboid","Host_Cpu_CpuSerial","dndtAse",88,-2.2707326477378342,-3.0187857256839483,0.74805307794611409,0.3294324757656279
"/home/th/workspace/myhaseonpu/example/c_example/input/cuboid","Host_Cpu_CpuSerial","dndtAse",89,-0.77395382164967708,-1.2448817771361191,0.47092795548644206,0.60847035354468881
"/home/th/workspace/myhaseonpu/example/c_example/input/cuboid","Host_Cpu_CpuSerial","dndtAse",90,-10.070768331550935,-10.137585967802828,0.066817636251892409,0.0066348101805259428
"/home/th/workspace/myhaseonpu/example/c_example/input/cuboid","Host_Cpu_CpuSerial","dndtAse",91,-9.2801947391825106,-9.7960004812995933,0.51580574211708274,0.05558134894942085
"/home/th/workspace/myhaseonpu/example/c_example/input/cuboid","Host_Cpu_CpuSerial","dndtAse",92,-8.4521865031157866,-9.1625323816550157,0.71034587853922915,0.084042854269409412
"/home/th/workspace/myhaseonpu/example/c_example/input/cuboid","Host_Cpu_CpuSerial","dndtAse",93,-7.082190340853753,-7.4712950652803309,0.38910472442657795,0.054941297211686016
"/home/th/workspace/myhaseonpu/example/c_example/input/cuboid","Host_Cpu_CpuSerial","dndtAse",94,-5.3886286465430064,-6.1463795748743273,0.75775092833132085,0.14062036522361668
"/home/th/workspace/myhaseonpu/example/c_example/input/cuboid","Host_Cpu_CpuSerial","dndtAse",95,-1.3121010874403018,-1.9597949367823326,0.64769384934203078,0.4936310590257777
"/home/th/workspace/myhaseonpu/example/c_example/input/cuboid","Host_Cpu_CpuSerial","dndtAse",96,-1.8530951801532303,-2.5613004417786804,0.70820526162545017,0.38217425052440612
"/home/th/workspace/myhaseonpu/example/c_example/input/cuboid","Host_Cpu_CpuSerial","dndtAse",97,-0.73590901007113718,-1.1881366439797267,0.45222763390858955,0.61451569109729287
"/home/th/workspace/myhaseonpu/example/c_example/input/cuboid","Host_Cpu_CpuSerial","dndtAse",98,-3.4646416059759142,-4.2015753604197945,0.73693375444388032,0.21270129446370314
"/home/th/workspace/myhaseonpu/example/c_example/input/cuboid","Host_Cpu_CpuSerial","dndtAse",99,-2.0282031205451339,-2.7228575830507564,0.69465446250562257,0.34249748236208
"/home/th/workspace/myhaseonpu/example/c_example/input/cuboid","Host_Cpu_CpuSerial","dndtAse",100,-9.7018441576126122,-10.305310547339122,0.60346638972650979,0.062201204216725758
"/home/th/workspace/myhaseonpu/example/c_example/input/cuboid","Host_Cpu_CpuSerial","phiAse",0,0.00091859570238739252,0.001596589689143002,0.00067799398675560951,0.73807659342791498
"/home/th/workspace/myhaseonpu/example/c_example/input/cuboid","Host_Cpu_CpuSerial","phiAse",1,0.018257608637213707,0.020888432860374451,0.0026308242231607437,0.14409467720753125
"/home/th/workspace/myhaseonpu/example/c_example/input/cuboid","Host_Cpu_CpuSerial","phiAse",2,0.0052810651250183582,0.0071820043958723545,0.0019009392708539963,0.35995376422239977
"/home/th/workspace/myhaseonpu/example/c_example/input/cuboid","Host_Cpu_CpuSerial","phiAse",3,0.0012585950316861272,0.0021346341818571091,0.00087603915017098188,0.69604529504407864
"/home/th/workspace/myhaseonpu/example/c_example/input/cuboid","Host_Cpu_CpuSerial","phiAse",4,0.02325286902487278,0.025456713512539864,0.0022038444876670837,0.094777314804023044
"/home/th/workspace/myhaseonpu/example/c_example/input/cuboid","Host_Cpu_CpuSerial","phiAse",5,0.022592736408114433,0.024882014840841293,0.00228927843272686,0.10132807249964818
"/home/th/workspace/myhaseonpu/example/c_example/input/cuboid","Host_Cpu_CpuSerial","phiAse",6,0.0014614692190662026,0.0024322369135916233,0.00097076769452542067,0.66424094456514593
"/home/th/workspace/myhaseonpu/example/c_example/input/cuboid","Host_Cpu_CpuSerial","phiAse",7,0.0037728091701865196,0.0054956567473709583,0.0017228475771844387,0.45664848113674
"/home/th/workspace/myhaseonpu/example/c_example/input/cuboid","Host_Cpu_CpuSerial","phiAse",8,0.01069792453199625,0.01295050885528326,0.0022525843232870102,0.21056274201129313
"/home/th/workspace/myhaseonpu/example/c_example/input/cuboid","Host_Cpu_CpuSerial","phiAse",9,0.0050139548256993294,0.0069102682173252106,0.0018963133916258812,0.37820711545030522
"/home/th/workspace/myhaseonpu/example/c_example/input/cuboid","Host_Cpu_CpuSerial","phiAse",10,0.014931396581232548,0.017112042754888535,0.0021806461736559868,0.14604435437719651
"/home/th/workspace/myhaseonpu/example/c_example/input/cuboid","Host_Cpu_CpuSerial","phiAse",11,0.0012577236630022526,0.0021496028639376163,0.00089187920093536377,0.70912174682823503
"/home/th/workspace/myhaseonpu/example/c_example/input/cuboid","Host_Cpu_CpuSerial","phiAse",12,0.014849614351987839,0.0170697420835495,0.0022201277315616608,0.14950743358964497
"/home/th/workspace/myhaseonpu/example/c_example/input/cuboid","Host_Cpu_CpuSerial","phiAse",13,0.016886422410607338,0.019359733909368515,0.0024733114987611771,0.14646746590962614
"/home/th/workspace/myhaseonpu/example/c_example/input/cuboid","Host_Cpu_CpuSerial","phiAse",14,0.0023246505297720432,0.0036928462795913219,0.0013681957498192787,0.58855975652970294
"/home/th/workspace/myhaseonpu/example/c_example/input/cuboid","Host_Cpu_CpuSerial","phiAse",15,0.0035966602154076099,0.0053265364840626717,0.0017298762686550617,0.48096738781286702
"/home/th/workspace/myhaseonpu/example/c_example/input/cuboid","Host_Cpu_CpuSerial","phiAse",16,0.0074219238013029099,0.009414253756403923,0.0019923299551010132,0.26843848150950594
"/home/th/workspace/myhaseonpu/example/c_example/input/cuboid","Host_Cpu_CpuSerial","phiAse",17,0.0045652245171368122,0.006436200812458992,0.0018709762953221798,0.40983226307905807
"/home/th/workspace/myhaseonpu/example/c_example/input/cuboid","Host_Cpu_CpuSerial","phiAse",18,0.001656191423535347,0.0027481561992317438,0.0010919647756963968,0.65932280543118738
"/home/th/workspace/myhaseonpu/example/c_example/input/cuboid","Host_Cpu_CpuSerial","phiAse",19,0.024378767237067223,0.026944344863295555,0.0025655776262283325,0.10523820180404547
"/home/th/workspace/myhaseonpu/example/c_example/input/cuboid","Host_Cpu_CpuSerial","phiAse",20,0.02809944748878479,0.030514966696500778,0.0024155192077159882,0.085963227877704135
"/home/th/workspace/myhaseonpu/example/c_example/input/cuboid","Host_Cpu_CpuSerial","phiAse",21,0.027983298525214195,0.030067430809140205,0.0020841322839260101,0.074477720417702523
"/home/th/workspace/myhaseonpu/example/c_example/input/cuboid","Host_Cpu_CpuSerial","phiAse",22,0.02441016398370266,0.026712605729699135,0.0023024417459964752,0.094323075729179473
"/home/th/workspace/myhaseonpu/example/c_example/input/cuboid","Host_Cpu_CpuSerial","phiAse",23,0.017038706690073013,0.019361160695552826,0.0023224540054798126,0.13630459445803517
"/home/th/workspace/myhaseonpu/example/c_example/input/cuboid","Host_Cpu_CpuSerial","phiAse",24,0.018252817913889885,0.020618490874767303,0.0023656729608774185,0.12960590370417313
"/home/th/workspace/myhaseonpu/example/c_example/input/cuboid","Host_Cpu_CpuSerial","phiAse",25,0.0019247123273089528,0.0031250366009771824,0.0012003242736682296,0.62363827395778648
"/home/th/workspace/myhaseonpu/example/c_example/input/cuboid","Host_Cpu_CpuSerial","phiAse",26,0.0030253785662353039,0.0046250829473137856,0.0015997043810784817,0.52876172222939655
"/home/th/workspace/myhaseonpu/example/c_example/input/cuboid","Host_Cpu_CpuSerial","phiAse",27,0.0074215237982571125,0.0095465825870633125,0.0021250587888062,0.2863372599175999
"/home/th/workspace/myhaseonpu/example/c_example/input/cuboid","Host_Cpu_CpuSerial","phiAse",28,0.0043666958808898926,0.0062114698812365532,0.0018447740003466606,0.42246450191780072
"/home/th/workspace/myhaseonpu/example/c_example/input/cuboid","Host_Cpu_CpuSerial","phiAse",29,0.0092978235334157944,0.011491881683468819,0.0021940581500530243,0.23597545620947924
"/home/th/workspace/myhaseonpu/example/c_example/input/cuboid","Host_Cpu_CpuSerial","phiAse",30,0.0016582007519900799,0.0027505569159984589,0.001092356164008379,0.65875990147597885
"/home/th/workspace/myhaseonpu/example/c_example/input/cuboid","Host_Cpu_CpuSerial","phiAse",31,0.025909792631864548,0.027909161522984505,0.001999368891119957,0.077166533886538338
"/home/th/workspace/myhaseonpu/example/c_example/input/cuboid","Host_Cpu_CpuSerial","phiAse",32,0.018482040613889694,0.020333230495452881,0.0018511898815631866,0.10016155251666167
"/home/th/workspace/myhaseonpu/example/c_example/input/cuboid","Host_Cpu_CpuSerial","phiAse",33,0.018395490944385529,0.021028567105531693,0.0026330761611461639,0.14313704206681163
"/home/th/workspace/myhaseonpu/example/c_example/input/cuboid","Host_Cpu_CpuSerial","phiAse",34,0.0090267425402998924,0.011230924166738987,0.0022041816264390945,0.24418350435924427
"/home/th/workspace/myhaseonpu/example/c_example/input/cuboid","Host_Cpu_CpuSerial","phiAse",35,0.011218358762562275,0.013645702041685581,0.0024273432791233063,0.21637240620471124
"/home/th/workspace/myhaseonpu/example/c_example/input/cuboid","Host_Cpu_CpuSerial","phiAse",36,0.0029830718412995338,0.0045804982073605061,0.0015974263660609722,0.53549711540472844
"/home/th/workspace/myhaseonpu/example/c_example/input/cuboid","Host_Cpu_CpuSerial","phiAse",37,0.0048897471278905869,0.0068865963257849216,0.0019968491978943348,0.40837473711156219
"/home/th/workspace/myhaseonpu/example/c_example/input/cuboid","Host_Cpu_CpuSerial","phiAse",38,0.0020595456007868052,0.0033507437910884619,0.0012911981903016567,0.62693352835129368
"/home/th/workspace/myhaseonpu/example/c_example/input/cuboid","Host_Cpu_CpuSerial","phiAse",39,0.029869608581066132,0.03290809690952301,0.0030384883284568787,0.10172508020017805
"/home/th/workspace/myhaseonpu/example/c_example/input/cuboid","Host_Cpu_CpuSerial","phiAse",40,0.030882574617862701,0.033266425132751465,0.0023838505148887634,0.077190795922498223
"/home/th/workspace/myhaseonpu/example/c_example/input/cuboid","Host_Cpu_CpuSerial","phiAse",41,0.029349209740757942,0.031897634267807007,0.0025484245270490646,0.086831112304533609
"/home/th/workspace/myhaseonpu/example/c_example/input/cuboid","Host_Cpu_CpuSerial","phiAse",42,0.025476198643445969,0.028196223080158234,0.002720024436712265,0.10676728011037161
"/home/th/workspace/myhaseonpu/example/c_example/input/cuboid","Host_Cpu_CpuSerial","phiAse",43,0.018758039921522141,0.021779265254735947,0.0030212253332138062,0.16106295465057555
"/home/th/workspace/myhaseonpu/example/c_example/input/cuboid","Host_Cpu_CpuSerial","phiAse",44,0.010524320416152477,0.012894186191260815,0.0023698657751083374,0.22517993384837692
"/home/th/workspace/myhaseonpu/example/c_example/input/cuboid","Host_Cpu_CpuSerial","phiAse",45,0.012130738236010075,0.014473475515842438,0.0023427372798323631,0.19312404853300286
"/home/th/workspace/myhaseonpu/example/c_example/input/cuboid","Host_Cpu_CpuSerial","phiAse",46,0.0029895964544266462,0.0045958654955029488,0.0016062690410763025,0.53728624099012645
"/home/th/workspace/myhaseonpu/example/c_example/input/cuboid","Host_Cpu_CpuSerial","phiAse",47,0.0051600285805761814,0.0071749906055629253,0.0020149620249867439,0.39049435357231072
"/home/th/workspace/myhaseonpu/example/c_example/input/cuboid","Host_Cpu_CpuSerial","phiAse",48,0.0066825416870415211,0.0088688554242253304,0.0021863137371838093,0.32716799079957987
"/home/th/workspace/myhaseonpu/example/c_example/input/cuboid","Host_Cpu_CpuSerial","phiAse",49,0.0020600473508238792,0.0033516469411551952,0.001291599590331316,0.62697568083314381
"/home/th/workspace/myhaseonpu/example/c_example/input/cuboid","Host_Cpu_CpuSerial","phiAse",50,0.031340204179286957,0.032906759530305862,0.0015665553510189056,0.049985486439627511
"/home/th/workspace/myhaseonpu/example/c_example/input/cuboid","Host_Cpu_CpuSerial","phiAse",51,0.026572242379188538,0.028589487075805664,0.0020172446966171265,0.07591548608622653
"/home/th/workspace/myhaseonpu/example/c_example/input/cuboid","Host_Cpu_CpuSerial","phiAse",52,0.018638450652360916,0.020974118262529373,0.002335667610168457,0.12531447241686905
"/home/th/workspace/myhaseonpu/example/c_example/input/cuboid","Host_Cpu_CpuSerial","phiAse",53,0.011189229786396027,0.013707610778510571,0.0025183809921145439,0.22507188074521589
"/home/th/workspace/myhaseonpu/example/c_example/input/cuboid","Host_Cpu_CpuSerial","phiAse",54,0.012778668664395809,0.015245374292135239,0.0024667056277394295,0.19303306882134097
"/home/th/workspace/myhaseonpu/example/c_example/input/cuboid","Host_Cpu_CpuSerial","phiAse",55,0.0063070389442145824,0.0085436636582016945,0.002236624713987112,0.3546235775250377
"/home/th/workspace/myhaseonpu/example/c_example/input/cuboid","Host_Cpu_CpuSerial","phiAse",56,0.0033571086823940277,0.0051215728744864464,0.0017644641920924187,0.52559042885502905
"/home/th/workspace/myhaseonpu/example/c_example/input/cuboid","Host_Cpu_CpuSerial","phiAse",57,0.0023453289177268744,0.0037920402828603983,0.0014467113651335239,0.61684796285874344
"/home/th/workspace/myhaseonpu/example/c_example/input/cuboid","Host_Cpu_CpuSerial","phiAse",58,0.011377362534403801,0.013782057911157608,0.0024046953767538071,0.2113578933151064
"/home/th/workspace/myhaseonpu/example/c_example/input/cuboid","Host_Cpu_CpuSerial","phiAse",59,0.032246366143226624,0.035541258752346039,0.0032948926091194153,0.1021787259527074
"/home/th/workspace/myhaseonpu/example/c_example/input/cuboid","Host_Cpu_CpuSerial","phiAse",60,0.032972659915685654,0.035736143589019775,0.0027634836733341217,0.083811366156100908
"/home/th/workspace/myhaseonpu/example/c_example/input/cuboid","Host_Cpu_CpuSerial","phiAse",61,0.0321354940533638,0.034716647118330002,0.0025811530649662018,0.080320939229375818
"/home/th/workspace/myhaseonpu/example/c_example/input/cuboid","Host_Cpu_CpuSerial","phiAse",62,0.030663717538118362,0.033083971589803696,0.0024202540516853333,0.078928918148189045
"/home/th/workspace/myhaseonpu/example/c_example/input/cuboid","Host_Cpu_CpuSerial","phiAse",63,0.027261601760983467,0.028770606964826584,0.0015090052038431168,0.055352771164121031
"/home/th/workspace/myhaseonpu/example/c_example/input/cuboid","Host_Cpu_CpuSerial","phiAse",64,0.018832448869943619,0.021352702751755714,0.0025202538818120956,0.13382507496592189
"/home/th/workspace/myhaseonpu/example/c_example/input/cuboid","Host_Cpu_CpuSerial","phiAse",65,0.010742883197963238,0.013166356831789017,0.002423473633825779,0.22558875389106434
"/home/th/workspace/myhaseonpu/example/c_example/input/cuboid","Host_Cpu_CpuSerial","phiAse",66,0.006757375318557024,0.0090852556750178337,0.0023278803564608097,0.34449475524439382
"/home/th/workspace/myhaseonpu/example/c_example/input/cuboid","Host_Cpu_CpuSerial","phiAse",67,0.0038364240899682045,0.0057412865571677685,0.001904862467199564,0.49652030706942807
"/home/th/workspace/myhaseonpu/example/c_example/input/cuboid","Host_Cpu_CpuSerial","phiAse",68,0.011310089379549026,0.013767313212156296,0.0024572238326072693,0.21725945305529032
"/home/th/workspace/myhaseonpu/example/c_example/input/cuboid","Host_Cpu_CpuSerial","phiAse",69,0.0023579057306051254,0.0037921462208032608,0.0014342404901981354,0.60826880039434672
"/home/th/workspace/myhaseonpu/example/c_example/input/cuboid","Host_Cpu_CpuSerial","phiAse",70,0.032856632024049759,0.035346321761608124,0.0024896897375583649,0.075774343996548713
"/home/th/workspace/myhaseonpu/example/c_example/input/cuboid","Host_Cpu_CpuSerial","phiAse",71,0.030574150383472443,0.033438891172409058,0.002864740788936615,0.09369813234402144
"/home/th/workspace/myhaseonpu/example/c_example/input/cuboid","Host_Cpu_CpuSerial","phiAse",72,0.026088021695613861,0.028398416936397552,0.0023103952407836914,0.088561534781770535
"/home/th/workspace/myhaseonpu/example/c_example/input/cuboid","Host_Cpu_CpuSerial","phiAse",73,0.018844787031412125,0.020914060994982719,0.0020692739635705948,0.10980617398972721
"/home/th/workspace/myhaseonpu/example/c_example/input/cuboid","Host_Cpu_CpuSerial","phiAse",74,0.0070887422189116478,0.0095221316441893578,0.00243338942527771,0.34327520315039955
"/home/th/workspace/myhaseonpu/example/c_example/input/cuboid","Host_Cpu_CpuSerial","phiAse",75,0.0039019712712615728,0.0058703254908323288,0.001968354219570756,0.50445123316716634
"/home/th/workspace/myhaseonpu/example/c_example/input/cuboid","Host_Cpu_CpuSerial","phiAse",76,0.0073609729297459126,0.0097798872739076614,0.0024189143441617489,0.32861340032740011
"/home/th/workspace/myhaseonpu/example/c_example/input/cuboid","Host_Cpu_CpuSerial","phiAse",77,0.0024436698295176029,0.0039298436604440212,0.0014861738309264183,0.60817292621720465
"/home/th/workspace/myhaseonpu/example/c_example/input/cuboid","Host_Cpu_CpuSerial","phiAse",78,0.0097991926595568657,0.012127257883548737,0.0023280652239918709,0.23757724792984625
"/home/th/workspace/myhaseonpu/example/c_example/input/cuboid","Host_Cpu_CpuSerial","phiAse",79,0.033872261643409729,0.036636203527450562,0.0027639418840408325,0.081598976564902392
"/home/th/workspace/myhaseonpu/example/c_example/input/cuboid","Host_Cpu_CpuSerial","phiAse",80,0.034278716892004013,0.036523036658763885,0.0022443197667598724,0.065472688894122263
"/home/th/workspace/myhaseonpu/example/c_example/input/cuboid","Host_Cpu_CpuSerial","phiAse",81,0.033100947737693787,0.035216551274061203,0.0021156035363674164,0.06391368468154969
"/home/th/workspace/myhaseonpu/example/c_example/input/cuboid","Host_Cpu_CpuSerial","phiAse",82,0.031469427049160004,0.032985620200634003,0.001516193151473999,0.048179877857498839
"/home/th/workspace/myhaseonpu/example/c_example/input/cuboid","Host_Cpu_CpuSerial","phiAse",83,0.026427008211612701,0.028715478256344795,0.0022884700447320938,0.086595880487390239
"/home/th/workspace/myhaseonpu/example/c_example/input/cuboid","Host_Cpu_CpuSerial","phiAse",84,0.018604369834065437,0.020972548052668571,0.0023681782186031342,0.12729150407808457
"/home/th/workspace/myhaseonpu/example/c_example/input/cuboid","Host_Cpu_CpuSerial","phiAse",85,0.0065238378010690212,0.0088876876980066299,0.0023638498969376087,0.36234038445135147
"/home/th/workspace/myhaseonpu/example/c_example/input/cuboid","Host_Cpu_CpuSerial","phiAse",86,0.0037469703238457441,0.0057031139731407166,0.0019561436492949724,0.52206008594358522
"/home/th/workspace/myhaseonpu/example/c_example/input/cuboid","Host_Cpu_CpuSerial","phiAse",87,0.011015164665877819,0.013378161936998367,0.0023629972711205482,0.21452219215937038
"/home/th/workspace/myhaseonpu/example/c_example/input/cuboid","Host_Cpu_CpuSerial","phiAse",88,0.0072140940465033054,0.0095906509086489677,0.0023765568621456623,0.32943247576562812
"/home/th/workspace/myhaseonpu/example/c_example/input/cuboid","Host_Cpu_CpuSerial","phiAse",89,0.0024575444404035807,0.003952887374907732,0.0014953429345041513,0.60847035354468892
"/home/th/workspace/myhaseonpu/example/c_example/input/cuboid","Host_Cpu_CpuSerial","phiAse",90,0.036365151405334473,0.036606427282094955,0.00024127587676048279,0.006634810180526007
"/home/th/workspace/myhaseonpu/example/c_example/input/cuboid","Host_Cpu_CpuSerial","phiAse",91,0.033515337854623795,0.035378165543079376,0.0018628276884555817,0.055581348949420926
"/home/th/workspace/myhaseonpu/example/c_example/input/cuboid","Host_Cpu_CpuSerial","phiAse",92,0.030531471595168114,0.033097423613071442,0.0025659520179033279,0.084042854269409453
"/home/th/workspace/myhaseonpu/example/c_example/input/cuboid","Host_Cpu_CpuSerial","phiAse",93,0.025508617982268333,0.026910094544291496,0.0014014765620231628,0.054941297211686009
"/home/th/workspace/myhaseonpu/example/c_example/input/cuboid","Host_Cpu_CpuSerial","phiAse",94,0.017978055402636528,0.020506136119365692,0.0025280807167291641,0.14062036522361671
"/home/th/workspace/myhaseonpu/example/c_example/input/cuboid","Host_Cpu_CpuSerial","phiAse",95,0.0041671185754239559,0.0062241377308964729,0.002057019155472517,0.49363105902577759
"/home/th/workspace/myhaseonpu/example/c_example/input/cuboid","Host_Cpu_CpuSerial","phiAse",96,0.0058864112943410873,0.0081360461190342903,0.002249634824693203,0.3821742505244059
"/home/th/workspace/myhaseonpu/example/c_example/input/cuboid","Host_Cpu_CpuSerial","phiAse",97,0.0023367127869278193,0.0037726594600826502,0.0014359466731548309,0.6145156910972932
"/home/th/workspace/myhaseonpu/example/c_example/input/cuboid","Host_Cpu_CpuSerial","phiAse",98,0.011011642403900623,0.013353832997381687,0.0023421905934810638,0.21270129446370292
"/home/th/workspace/myhaseonpu/example/c_example/input/cuboid","Host_Cpu_CpuSerial","phiAse",99,0.0064430674538016319,0.0086498018354177475,0.0022067343816161156,0.34249748236207994
"/home/th/workspace/myhaseonpu/example/c_example/input/cuboid","Host_Cpu_CpuSerial","phiAse",100,0.035031843930482864,0.037210866808891296,0.002179022878408432,0.062201204216725835
